<application>
  <component name="ProjectManager">
    <defaultProject>
      <component name="PropertiesComponent">{
  &quot;keyToString&quot;: {
    &quot;settings.editor.selected.configurable&quot;: &quot;com.poratu.idea.plugins.tomcat.setting.TomcatServersConfigurable&quot;
  }
}</component>
      <component name="VcsDirectoryMappings" defaultProject="true" />
      <component name="WindowStateProjectService">
        <state x="761" y="294" key="FileChooserDialogImpl" timestamp="1758505956860">
          <screen x="0" y="0" width="1920" height="1080" />
        </state>
        <state x="761" y="294" key="FileChooserDialogImpl/0.0.1920.1080/1920.0.1920.1080/3840.0.1920.1080" timestamp="1758505956860" />
        <state x="469" y="30" key="SettingsEditor" timestamp="1758499940606">
          <screen x="0" y="0" width="1920" height="1080" />
        </state>
        <state x="469" y="30" key="SettingsEditor/0.0.1920.1080" timestamp="1758397873476" />
        <state x="469" y="30" key="SettingsEditor/0.0.1920.1080/1920.0.1920.1080/3840.0.1920.1080" timestamp="1758499940606" />
        <state x="560" y="205" width="827" height="632" key="new project wizard" timestamp="1758563884450">
          <screen x="0" y="0" width="1920" height="1080" />
        </state>
        <state x="560" y="205" width="827" height="632" key="new project wizard/0.0.1920.1080/1920.0.1920.1080/3840.0.1920.1080" timestamp="1758563884450" />
      </component>
    </defaultProject>
  </component>
</application>