<application>
  <component name="Trusted.Paths">
    <option name="TRUSTED_PROJECT_PATHS">
      <map>
        <entry key="$USER_HOME$/.cache/JetBrains/IdeaIC2024.3/demo/IdeaLearningProject" value="true" />
        <entry key="$USER_HOME$/Development/Dart/Flutter/II/Class-IIX/inventario" value="true" />
        <entry key="$USER_HOME$/Development/Dart/Flutter/II/Class-XII/design" value="true" />
        <entry key="$USER_HOME$/Development/Java/Servlet/FirstServletJakarta" value="true" />
        <entry key="$USER_HOME$/Development/Java/Servlet/JSPTags" value="true" />
        <entry key="$USER_HOME$/Development/Java/Servlet/NixDocs" value="true" />
        <entry key="$USER_HOME$/Development/Java/Servlet/Servlet_1" value="true" />
        <entry key="$USER_HOME$/Development/Java/Servlet/Thymeleaf" value="true" />
        <entry key="$USER_HOME$/Development/Java/Servlet/test" value="true" />
        <entry key="$USER_HOME$/Development/Java/Servlet/untitled" value="true" />
        <entry key="$USER_HOME$/Development/Java/Spring/Course/Rest" value="true" />
        <entry key="$USER_HOME$/Development/Java/Spring/University/Assignments/T2/desarrollo" value="true" />
        <entry key="$USER_HOME$/Development/Java/Spring/University/Class-4/A1_Clase04/introduccion" value="true" />
        <entry key="$USER_HOME$/Development/Java/Spring/University/Class-8/A1_Clase08/empresa" value="true" />
        <entry key="$USER_HOME$/Development/Java/Spring/University/Class-9/A1_Clase09/empresa" value="true" />
        <entry key="$USER_HOME$/Development/Java/Spring/University/Exams/Mid-Term/inventario" value="true" />
        <entry key="$USER_HOME$/Development/Project/Nix Docs" value="true" />
        <entry key="$USER_HOME$/Development/Project/Nix Docs/NixDocs" value="true" />
        <entry key="$USER_HOME$/Development/Project/Nix-Docs/NixDocs" value="true" />
        <entry key="$USER_HOME$/Development/Project/NixDocs/NixDocs" value="true" />
        <entry key="$USER_HOME$/Development/Project/NoteBook/note_book" value="true" />
        <entry key="$USER_HOME$/Development/Project/life_notes" value="true" />
        <entry key="$USER_HOME$/Downloads/Nix-Docs-main/backend/src" value="true" />
        <entry key="$USER_HOME$/Downloads/Test" value="true" />
        <entry key="$USER_HOME$/Downloads/Test/TomcatConfig" value="true" />
        <entry key="$USER_HOME$/Downloads/Test/servlet-jsp-sample" value="true" />
        <entry key="$USER_HOME$/Downloads/servlet-jsp-sample" value="true" />
        <entry key="$USER_HOME$/Projects/Nix-Docs/NixDocs" value="true" />
      </map>
    </option>
  </component>
  <component name="Trusted.Paths.Settings">
    <option name="TRUSTED_PATHS">
      <list>
        <option value="$USER_HOME$/Development/Java/Spring/University/Class-4/A1_Clase04" />
        <option value="$USER_HOME$/Downloads/Nix-Docs-main/backend" />
        <option value="$USER_HOME$/Development/Java/Servlet" />
        <option value="$USER_HOME$/Development/Java/Spring/Course" />
        <option value="$USER_HOME$/Development/Project/NixDocs" />
        <option value="$USER_HOME$/Development/Project/NoteBook" />
        <option value="$USER_HOME$/Development/Project" />
        <option value="$USER_HOME$/Development/Dart/Flutter/II/Class-IIX" />
        <option value="$USER_HOME$/Development/Java/Spring/University/Assignments/T2" />
        <option value="$USER_HOME$/Development/Java/Spring/University/Exams/Mid-Term" />
        <option value="$USER_HOME$/Development/Dart/Flutter/II/Class-XII" />
        <option value="$USER_HOME$/Projects/Nix-Docs" />
      </list>
    </option>
  </component>
</application>