<application>
  <component name="DimensionService">
    <location key="find.popup.3840.0.1920.1080" x="4568" y="142" />
    <location key="find.popup.0.0.5760.1080" x="483" y="142" />
    <location key="find.popup.0.0.1920.1080" x="728" y="142" />
    <location key="WELCOME_SCREEN.0.0.5760.1080" x="2880" y="300" />
    <size key="GridCell.Tab.0.left.0.0.1920.1080" width="1840" height="299" />
    <size key="GridCell.Tab.0.center.0.0.1920.1080" width="1840" height="299" />
    <size key="GridCell.Tab.0.right.0.0.1920.1080" width="1840" height="299" />
    <size key="GridCell.Tab.0.bottom.0.0.1920.1080" width="1840" height="299" />
    <size key="GridCell.Tab.1.left.0.0.1920.1080" width="1840" height="299" />
    <size key="GridCell.Tab.1.center.0.0.1920.1080" width="1840" height="299" />
    <size key="GridCell.Tab.1.right.0.0.1920.1080" width="1840" height="299" />
    <size key="GridCell.Tab.1.bottom.0.0.1920.1080" width="1840" height="299" />
    <size key="GridCell.Tab.2.left.0.0.1920.1080" width="1840" height="299" />
    <size key="GridCell.Tab.2.center.0.0.1920.1080" width="1840" height="299" />
    <size key="GridCell.Tab.2.right.0.0.1920.1080" width="1840" height="299" />
    <size key="GridCell.Tab.2.bottom.0.0.1920.1080" width="1840" height="299" />
    <size key="GridCell.Tab.0.left.3840.0.1920.1080" width="1082" height="322" />
    <size key="GridCell.Tab.0.center.3840.0.1920.1080" width="1082" height="322" />
    <size key="GridCell.Tab.0.right.3840.0.1920.1080" width="1082" height="322" />
    <size key="GridCell.Tab.0.bottom.3840.0.1920.1080" width="1082" height="322" />
    <size key="GridCell.Tab.1.left.3840.0.1920.1080" width="1082" height="322" />
    <size key="GridCell.Tab.1.center.3840.0.1920.1080" width="1082" height="322" />
    <size key="GridCell.Tab.1.right.3840.0.1920.1080" width="1082" height="322" />
    <size key="GridCell.Tab.1.bottom.3840.0.1920.1080" width="1082" height="322" />
    <size key="GridCell.Tab.0.left.1920.0.1920.1080" width="1840" height="286" />
    <size key="GridCell.Tab.0.center.1920.0.1920.1080" width="1840" height="286" />
    <size key="GridCell.Tab.0.right.1920.0.1920.1080" width="1840" height="286" />
    <size key="GridCell.Tab.0.bottom.1920.0.1920.1080" width="1840" height="286" />
    <size key="GridCell.Tab.1.left.1920.0.1920.1080" width="1840" height="286" />
    <size key="GridCell.Tab.1.center.1920.0.1920.1080" width="1840" height="286" />
    <size key="GridCell.Tab.1.right.1920.0.1920.1080" width="1840" height="286" />
    <size key="GridCell.Tab.1.bottom.1920.0.1920.1080" width="1840" height="286" />
    <size key="GridCell.Tab.2.left.1920.0.1920.1080" width="1840" height="286" />
    <size key="GridCell.Tab.2.center.1920.0.1920.1080" width="1840" height="286" />
    <size key="GridCell.Tab.2.right.1920.0.1920.1080" width="1840" height="286" />
    <size key="GridCell.Tab.2.bottom.1920.0.1920.1080" width="1840" height="286" />
    <size key="GridCell.Tab.2.left.3840.0.1920.1080" width="1082" height="322" />
    <size key="GridCell.Tab.2.center.3840.0.1920.1080" width="1082" height="322" />
    <size key="GridCell.Tab.2.right.3840.0.1920.1080" width="1082" height="322" />
    <size key="GridCell.Tab.2.bottom.3840.0.1920.1080" width="1082" height="322" />
    <size key="find.popup.3840.0.1920.1080" width="693" height="768" />
    <size key="GridCell.Tab.3.left.3840.0.1920.1080" width="1840" height="593" />
    <size key="GridCell.Tab.3.center.3840.0.1920.1080" width="1840" height="593" />
    <size key="GridCell.Tab.3.right.3840.0.1920.1080" width="1840" height="593" />
    <size key="GridCell.Tab.3.bottom.3840.0.1920.1080" width="1840" height="593" />
    <size key="GridCell.Tab.3.left.1920.0.1920.1080" width="1840" height="593" />
    <size key="GridCell.Tab.3.center.1920.0.1920.1080" width="1840" height="593" />
    <size key="GridCell.Tab.3.right.1920.0.1920.1080" width="1840" height="593" />
    <size key="GridCell.Tab.3.bottom.1920.0.1920.1080" width="1840" height="593" />
    <size key="GridCell.Tab.0.left.0.0.5760.1080" width="1854" height="528" />
    <size key="GridCell.Tab.0.center.0.0.5760.1080" width="1854" height="528" />
    <size key="GridCell.Tab.0.right.0.0.5760.1080" width="1854" height="528" />
    <size key="GridCell.Tab.0.bottom.0.0.5760.1080" width="1854" height="528" />
    <size key="find.popup.0.0.5760.1080" width="645" height="512" />
    <size key="GridCell.Tab.6.left.0.0.1920.1080" width="1840" height="297" />
    <size key="GridCell.Tab.6.center.0.0.1920.1080" width="1840" height="297" />
    <size key="GridCell.Tab.6.right.0.0.1920.1080" width="1840" height="297" />
    <size key="GridCell.Tab.6.bottom.0.0.1920.1080" width="1840" height="297" />
    <size key="find.popup.0.0.1920.1080" width="674" height="768" />
    <size key="GridCell.Tab.1.left.0.0.5760.1080" width="1854" height="528" />
    <size key="GridCell.Tab.1.center.0.0.5760.1080" width="1854" height="528" />
    <size key="GridCell.Tab.1.right.0.0.5760.1080" width="1854" height="528" />
    <size key="GridCell.Tab.1.bottom.0.0.5760.1080" width="1854" height="528" />
  </component>
  <component name="WindowManager">
    <frame x="0" y="0" width="1920" height="1080" extendedState="6" />
  </component>
  <component name="WindowStateApplicationService">
    <state x="2226" y="296" width="490" height="454" key="FileChooserDialogImpl" timestamp="1763067797110">
      <screen x="0" y="29" width="5760" height="1051" />
    </state>
    <state x="742" y="274" width="426" height="456" key="FileChooserDialogImpl/0.0.1920.1080" timestamp="1758337287733" />
    <state x="742" y="274" width="490" height="454" key="FileChooserDialogImpl/0.0.1920.1080/1920.0.1920.1080/3840.0.1920.1080" timestamp="1759357975174" />
    <state x="2226" y="296" key="FileChooserDialogImpl/0.29.5760.1051" timestamp="1763067797110" />
    <state width="710" height="121" key="ShowUsagesActions.dimensionServiceKey" timestamp="1761353262882">
      <screen x="0" y="0" width="1920" height="1080" />
    </state>
    <state width="710" height="121" key="ShowUsagesActions.dimensionServiceKey/0.0.1920.1080" timestamp="1761353262882" />
    <state width="744" height="165" key="ShowUsagesActions.dimensionServiceKey/0.0.1920.1080/1920.0.1920.1080/3840.0.1920.1080" timestamp="1760557981951" />
    <state x="2880" y="300" width="946" height="1020" key="WELCOME_SCREEN" timestamp="1763067765423">
      <screen x="0" y="29" width="5760" height="1051" />
    </state>
    <state x="480" y="517" width="946" height="1020" key="WELCOME_SCREEN/0.0.1920.1080" timestamp="1758337290643" />
    <state x="480" y="517" width="946" height="1020" key="WELCOME_SCREEN/0.0.1920.1080/1920.0.1920.1080/3840.0.1920.1080" timestamp="1759357977888" />
    <state x="2880" y="300" key="WELCOME_SCREEN/0.29.5760.1051" timestamp="1763067765423" />
    <state width="300" height="518" key="manage.recent.projects.popup" timestamp="1760738959187">
      <screen x="0" y="0" width="1920" height="1080" />
    </state>
    <state width="300" height="518" key="manage.recent.projects.popup/0.0.1920.1080/1920.0.1920.1080/3840.0.1920.1080" timestamp="1760738959187" />
  </component>
</application>